split,model,restart,train_log_likelihood,holdout_log_loss,holdout_brier
0,unidimensional_3pl,0,-7475.492133313479,0.3307847577914284,0.09727474116649439
0,unidimensional_3pl,1,-7473.377590959586,0.3306779601137615,0.09717055588644154
0,unidimensional_3pl,2,-7476.026465700802,0.3302283214007753,0.09696823006822639
0,unidimensional_3pl,3,-7472.159416529492,0.33062555822829465,0.09723149871038894
0,unidimensional_3pl,4,-7472.8047725909455,0.331458540891422,0.09718859301452928
0,unidimensional_3pl,5,-7477.908260291666,0.33056779162897004,0.09706272838759727
0,unidimensional_3pl,6,-7476.855842769504,0.3313658726256624,0.09722080625052879
0,unidimensional_3pl,7,-7475.229842271014,0.3305888638088947,0.09718807899990588
0,unidimensional_3pl,8,-7476.636987415807,0.33034468327662386,0.09698626029047426
0,unidimensional_3pl,9,-7471.609903528337,0.3310530305886919,0.0971480343980978
0,unidimensional_3pl,10,-7476.412253561401,0.3313131206995951,0.09732985492908722
0,unidimensional_3pl,11,-7475.710638459448,0.33061767205351705,0.09717658506896018
0,unidimensional_3pl,12,-7478.779301470853,0.3309298995714957,0.09728532147832646
0,unidimensional_3pl,13,-7476.665385102792,0.33030403339439296,0.09702451618748428
0,unidimensional_3pl,14,-7479.2913541857215,0.33055319477840167,0.09691976763402531
0,unidimensional_3pl,15,-7476.407615030156,0.33065926617780433,0.09709347212142566
0,unidimensional_3pl,16,-7473.417244442046,0.33050099512778586,0.09701326809804636
0,unidimensional_3pl,17,-7476.707759039698,0.3308840237403357,0.09706188952385474
0,unidimensional_3pl,18,-7469.4869775457555,0.3310084968834873,0.0970592061964498
0,unidimensional_3pl,19,-7472.387691221302,0.33162821454229074,0.09727873946592032
0,confirmatory_3d_2pl,0,-5767.449614347814,0.26398536512123877,0.07956407881563354
0,confirmatory_3d_2pl,1,-5770.1268957626,0.26449747703135146,0.07981561341161002
0,confirmatory_3d_2pl,2,-5771.723993367861,0.26397529564973593,0.07964037127257258
0,confirmatory_3d_2pl,3,-5772.947663990659,0.2640332794936188,0.07958814133187198
0,confirmatory_3d_2pl,4,-5771.648963462264,0.26400343422712214,0.07967858821380672
0,confirmatory_3d_2pl,5,-5770.573431140241,0.264379772226479,0.07953660277108189
0,confirmatory_3d_2pl,6,-5772.088637972571,0.26405136017597597,0.0795217160623681
0,confirmatory_3d_2pl,7,-5770.5443642197215,0.2642746638593672,0.0797145876249927
0,confirmatory_3d_2pl,8,-5771.811126047812,0.2644517830413098,0.07967033082551168
0,confirmatory_3d_2pl,9,-5770.523945164199,0.2640567230777957,0.07962465636416731
0,confirmatory_3d_2pl,10,-5772.981827969192,0.2643041124660955,0.07975202533652054
0,confirmatory_3d_2pl,11,-5772.452898334964,0.2647148598536298,0.07972057599181014
0,confirmatory_3d_2pl,12,-5774.302608661195,0.2643731150817741,0.07972876865582257
0,confirmatory_3d_2pl,13,-5770.058072352317,0.2642003239664311,0.07955626962142011
0,confirmatory_3d_2pl,14,-5770.8944297745875,0.2645887874941007,0.07976565710298109
0,confirmatory_3d_2pl,15,-5770.266167385565,0.26451158453785023,0.07965186204403919
0,confirmatory_3d_2pl,16,-5772.991830659884,0.2638176927748386,0.07954846998619644
0,confirmatory_3d_2pl,17,-5772.377984203418,0.26413980050227026,0.07957624226725037
0,confirmatory_3d_2pl,18,-5772.679777222949,0.26402682083090656,0.07958032966319964
0,confirmatory_3d_2pl,19,-5770.751451063097,0.26432158786526067,0.07963008739811367
1,unidimensional_3pl,0,-7518.750050173689,0.3243700833014524,0.09841668364687857
1,unidimensional_3pl,1,-7516.720074972118,0.32393740145062727,0.09805362290560014
1,unidimensional_3pl,2,-7518.9478815577095,0.3241939843728628,0.09816631794555052
1,unidimensional_3pl,3,-7515.643943263565,0.3247404000684927,0.09835281159864405
1,unidimensional_3pl,4,-7516.657465445757,0.324678843166835,0.09822944073502783
1,unidimensional_3pl,5,-7520.519991320873,0.3246679527571678,0.09826039071984055
1,unidimensional_3pl,6,-7521.3260793554855,0.32415499451350477,0.09819586130445057
1,unidimensional_3pl,7,-7517.8408882095555,0.32466933868112513,0.09835544185168274
1,unidimensional_3pl,8,-7520.40586115449,0.32398527787523634,0.09814182197430504
1,unidimensional_3pl,9,-7516.116102233291,0.32371271558421183,0.09817590806368785
1,unidimensional_3pl,10,-7520.958586629534,0.32407196965325796,0.09824196866655767
1,unidimensional_3pl,11,-7519.8926506052285,0.32387816263950603,0.09810172937821716
1,unidimensional_3pl,12,-7522.972218721259,0.32437243456221637,0.09825559888809665
1,unidimensional_3pl,13,-7520.451104386142,0.3244661971547232,0.09835575963519053
1,unidimensional_3pl,14,-7522.659751071629,0.32471500103767187,0.09831787681167108
1,unidimensional_3pl,15,-7520.659532112508,0.32426508894385914,0.098220815951414
1,unidimensional_3pl,16,-7517.057501380139,0.3240822362163149,0.09813289822898731
1,unidimensional_3pl,17,-7520.159449272193,0.32384618687324734,0.09807424399414556
1,unidimensional_3pl,18,-7513.633259494127,0.32397214206213326,0.09808036294419319
1,unidimensional_3pl,19,-7515.557725523127,0.3244580256629619,0.09804362753197213
1,confirmatory_3d_2pl,0,-5777.983306940212,0.26392662991880306,0.08027379923439135
1,confirmatory_3d_2pl,1,-5782.104838359162,0.26356836193389954,0.08027202518514677
1,confirmatory_3d_2pl,2,-5782.571820121543,0.2632832766728032,0.08015696898537078
1,confirmatory_3d_2pl,3,-5784.026149268784,0.26376269672386354,0.08031221204728961
1,confirmatory_3d_2pl,4,-5783.414835196591,0.26398588231743036,0.08039020565764937
1,confirmatory_3d_2pl,5,-5782.134631881525,0.26366675690773606,0.08025942188876135
1,confirmatory_3d_2pl,6,-5783.483250315622,0.2637925862364829,0.08037724525572139
1,confirmatory_3d_2pl,7,-5781.580668025837,0.26383348997941847,0.0802515426695884
1,confirmatory_3d_2pl,8,-5783.32636410158,0.2642058060220106,0.0803522408133862
1,confirmatory_3d_2pl,9,-5782.089176102369,0.26315187798096024,0.08011545222053883
1,confirmatory_3d_2pl,10,-5784.243095259397,0.26388865054507493,0.08021738567424035
1,confirmatory_3d_2pl,11,-5783.639479496142,0.26379628252576465,0.0802308118744987
1,confirmatory_3d_2pl,12,-5785.426815979303,0.2636555531826618,0.08016956159739896
1,confirmatory_3d_2pl,13,-5781.274010917035,0.26373266194022443,0.08026611625092778
1,confirmatory_3d_2pl,14,-5781.9675528020925,0.2638144485022393,0.08024276170076362
1,confirmatory_3d_2pl,15,-5781.707934004052,0.2640942648238455,0.0803292193696168
1,confirmatory_3d_2pl,16,-5783.388605262091,0.26403425928577706,0.08031376505280137
1,confirmatory_3d_2pl,17,-5783.257010625164,0.2640933558264639,0.08030770496471924
1,confirmatory_3d_2pl,18,-5783.16028216873,0.26425160416345483,0.08035748435748122
1,confirmatory_3d_2pl,19,-5782.059787829083,0.2633828124803942,0.08003866994530076
2,unidimensional_3pl,0,-7542.899960470675,0.3190393421418437,0.09479132000004359
2,unidimensional_3pl,1,-7541.023666027282,0.3193155297647533,0.09473868331389539
2,unidimensional_3pl,2,-7543.170022583163,0.3194539806321786,0.09478900017148746
2,unidimensional_3pl,3,-7539.752757874601,0.31890003804266054,0.0946122710155958
2,unidimensional_3pl,4,-7540.719281083953,0.31917072465654783,0.09474509603656152
2,unidimensional_3pl,5,-7545.362735777583,0.31939218019274335,0.0947487905039266
2,unidimensional_3pl,6,-7544.269930434792,0.3191009548757643,0.09474726165437923
2,unidimensional_3pl,7,-7542.964478075233,0.31920964554289283,0.09477224504508057
2,unidimensional_3pl,8,-7544.860940563218,0.3186321014978509,0.09453656282814787
2,unidimensional_3pl,9,-7540.200414379083,0.318391802978734,0.09472096378130039
2,unidimensional_3pl,10,-7545.153867965463,0.31928578593608853,0.09476299733213858
2,unidimensional_3pl,11,-7543.730306004172,0.3187740948095343,0.09473236364553772
2,unidimensional_3pl,12,-7547.595262950105,0.31920830861969013,0.09486875952876915
2,unidimensional_3pl,13,-7544.047619014418,0.3192173979110672,0.09467097122953852
2,unidimensional_3pl,14,-7547.029112304826,0.3201262167096952,0.0948983745967403
2,unidimensional_3pl,15,-7545.066041677639,0.31927892065796215,0.09480331338321965
2,unidimensional_3pl,16,-7542.406776946054,0.3183582345335321,0.09450987681735888
2,unidimensional_3pl,17,-7543.64562681795,0.3194140799353397,0.09476787349614327
2,unidimensional_3pl,18,-7537.9943032612655,0.31930330650775013,0.09475305197598986
2,unidimensional_3pl,19,-7539.806739729043,0.3189835078504276,0.09464122543264486
2,confirmatory_3d_2pl,0,-5853.793682176128,0.2522848913061612,0.0770579278899999
2,confirmatory_3d_2pl,1,-5856.651518485121,0.2518257836008183,0.07687194555043726
2,confirmatory_3d_2pl,2,-5857.770223026944,0.2519278986290973,0.07682847150832986
2,confirmatory_3d_2pl,3,-5858.572754599889,0.2517115611169884,0.07690548275159428
2,confirmatory_3d_2pl,4,-5857.830280204838,0.251866065875758,0.07688539764398397
2,confirmatory_3d_2pl,5,-5857.077014898801,0.2519167052643565,0.07695640294600982
2,confirmatory_3d_2pl,6,-5858.203023790942,0.25201403693292784,0.07690070415599275
2,confirmatory_3d_2pl,7,-5856.137273664317,0.2523010200337718,0.07705043456310978
2,confirmatory_3d_2pl,8,-5858.451726858084,0.25189689357697903,0.07691671274119993
2,confirmatory_3d_2pl,9,-5856.490646149418,0.2514185580789829,0.0767686436577311
2,confirmatory_3d_2pl,10,-5859.302671030444,0.2515370320231889,0.07681136031046547
2,confirmatory_3d_2pl,11,-5858.616464437459,0.25254276522314617,0.07705268852419561
2,confirmatory_3d_2pl,12,-5860.94541888108,0.251928967376361,0.07699595412353498
2,confirmatory_3d_2pl,13,-5856.649656962757,0.2520257523463623,0.0768470616330483
2,confirmatory_3d_2pl,14,-5856.657441507849,0.2519506283554814,0.07683352135896362
2,confirmatory_3d_2pl,15,-5857.772024981439,0.25127721903028777,0.07668003838004896
2,confirmatory_3d_2pl,16,-5858.540543188327,0.2518571029167158,0.07690244419209563
2,confirmatory_3d_2pl,17,-5857.911075617576,0.251460013728746,0.07670626377580146
2,confirmatory_3d_2pl,18,-5859.210922496339,0.2512763223358438,0.07670122589828109
2,confirmatory_3d_2pl,19,-5857.305705728778,0.2522029672243262,0.07694367386053037
3,unidimensional_3pl,0,-7522.7889483525505,0.3244402445840531,0.09696137525429939
3,unidimensional_3pl,1,-7520.199283212118,0.32582432563693176,0.09714306057536005
3,unidimensional_3pl,2,-7522.770045574205,0.32565443464352256,0.09697033415817537
3,unidimensional_3pl,3,-7519.578660019481,0.3260114022057432,0.09722951052453392
3,unidimensional_3pl,4,-7520.652952823937,0.3255622998025704,0.09707896309321748
3,unidimensional_3pl,5,-7524.844614898086,0.3250183578882324,0.09692982848447013
3,unidimensional_3pl,6,-7524.024192504288,0.3259193335003536,0.09715559850675273
3,unidimensional_3pl,7,-7523.012932368087,0.32461029314136725,0.09701586010150695
3,unidimensional_3pl,8,-7523.652458366861,0.32527089807985377,0.0968905207332822
3,unidimensional_3pl,9,-7519.248032007835,0.3252964818510235,0.09701034431312669
3,unidimensional_3pl,10,-7524.242407059576,0.32523173781322695,0.09713334652525289
3,unidimensional_3pl,11,-7522.764930686066,0.3248913259411956,0.09697324342152645
3,unidimensional_3pl,12,-7526.500968767175,0.3255319345329754,0.09702589616406743
3,unidimensional_3pl,13,-7525.261173955877,0.3248553227231625,0.09695499624905805
3,unidimensional_3pl,14,-7527.022589539301,0.32524541044341265,0.09710876030071133
3,unidimensional_3pl,15,-7523.267906165311,0.32558619384824505,0.09697499826313803
3,unidimensional_3pl,16,-7521.3588306373185,0.32541231945823546,0.09715897758766992
3,unidimensional_3pl,17,-7524.124495635844,0.3251775987724117,0.09693494709394378
3,unidimensional_3pl,18,-7517.72671528058,0.3251907061261272,0.09686966713894636
3,unidimensional_3pl,19,-7520.077482670049,0.3249070781106593,0.09685431124683685
3,confirmatory_3d_2pl,0,-5821.336542226408,0.25923837817497586,0.07853940688040408
3,confirmatory_3d_2pl,1,-5824.7105819637945,0.258492053297332,0.07851196260611885
3,confirmatory_3d_2pl,2,-5826.370561738222,0.2587479122665304,0.07841407896649695
3,confirmatory_3d_2pl,3,-5827.365170409363,0.2593941663460933,0.0787103598256016
3,confirmatory_3d_2pl,4,-5826.13543889675,0.258784332226759,0.07843094718672869
3,confirmatory_3d_2pl,5,-5824.660000562175,0.2590993022159088,0.07850216419902116
3,confirmatory_3d_2pl,6,-5826.565024078359,0.25917201151990077,0.07864179552163647
3,confirmatory_3d_2pl,7,-5823.701497999873,0.25925891242259175,0.0784524680456451
3,confirmatory_3d_2pl,8,-5825.634485654586,0.25902230272438825,0.07849804424694987
3,confirmatory_3d_2pl,9,-5824.636692874341,0.25927981871677735,0.07864163570093022
3,confirmatory_3d_2pl,10,-5827.425135057021,0.2580270861884943,0.0782690198676618
3,confirmatory_3d_2pl,11,-5826.4920168422095,0.25953132430121023,0.07868066288722472
3,confirmatory_3d_2pl,12,-5829.098483319296,0.25833941264119487,0.07833911957989759
3,confirmatory_3d_2pl,13,-5824.487817729312,0.2594065162528095,0.07848614504460778
3,confirmatory_3d_2pl,14,-5824.17955225297,0.2592475358556096,0.07849767693363947
3,confirmatory_3d_2pl,15,-5824.96687750947,0.2592103522762652,0.0785442024691449
3,confirmatory_3d_2pl,16,-5827.180504619164,0.25797353079104934,0.07828576362964594
3,confirmatory_3d_2pl,17,-5826.7930968112105,0.2583554485986677,0.0785400459390709
3,confirmatory_3d_2pl,18,-5825.948882636683,0.2588843905367669,0.07833314285757072
3,confirmatory_3d_2pl,19,-5824.897585271834,0.2591819712012901,0.07864127852520279
4,unidimensional_3pl,0,-7591.866539375748,0.31232827265056157,0.0930636923934194
4,unidimensional_3pl,1,-7589.471048126943,0.3121042285894729,0.09271806733886082
4,unidimensional_3pl,2,-7590.911215446069,0.31252040524994446,0.09276868613579535
4,unidimensional_3pl,3,-7588.37308482915,0.31249702210892216,0.092960529735451
4,unidimensional_3pl,4,-7589.632046467455,0.31222396385388246,0.09281110948429937
4,unidimensional_3pl,5,-7593.409162627654,0.31252113542323956,0.09279004307240095
4,unidimensional_3pl,6,-7593.750363826088,0.3123104259955811,0.09290095628295568
4,unidimensional_3pl,7,-7591.001953116487,0.31238280779539396,0.09282244433953281
4,unidimensional_3pl,8,-7592.124624497842,0.31288020805646893,0.09292206095796174
4,unidimensional_3pl,9,-7587.76719782692,0.31250390242627735,0.09293840591737025
4,unidimensional_3pl,10,-7593.970075946625,0.31234814293369134,0.09291258883050835
4,unidimensional_3pl,11,-7591.993900504277,0.3123780843024215,0.09288129467992685
4,unidimensional_3pl,12,-7595.636320672384,0.3131675556378715,0.09307774643773839
4,unidimensional_3pl,13,-7593.114530021532,0.3127517840087763,0.09298297472558507
4,unidimensional_3pl,14,-7595.197459107575,0.3126410185622851,0.09289314221894275
4,unidimensional_3pl,15,-7592.704420678396,0.3119813712716931,0.0927315114640786
4,unidimensional_3pl,16,-7590.216493913935,0.31211949603438294,0.09277278749459597
4,unidimensional_3pl,17,-7591.987789963679,0.3128425369923445,0.09280640660565359
4,unidimensional_3pl,18,-7586.838045960529,0.31207207193604924,0.09280469203894354
4,unidimensional_3pl,19,-7588.684881581896,0.3121385741001578,0.09269930154484589
4,confirmatory_3d_2pl,0,-5852.770693801296,0.250404083439553,0.07590644871485899
4,confirmatory_3d_2pl,1,-5856.135244728168,0.24980274804440558,0.07579728839921443
4,confirmatory_3d_2pl,2,-5857.114254444902,0.2501356807925579,0.07595573200620992
4,confirmatory_3d_2pl,3,-5858.487977140003,0.2500490622675262,0.07585655082460166
4,confirmatory_3d_2pl,4,-5857.245487772467,0.25015554139335217,0.07584486330892266
4,confirmatory_3d_2pl,5,-5857.043804744728,0.24964755358359056,0.07574674992929362
4,confirmatory_3d_2pl,6,-5858.361126243495,0.24951342049991718,0.07569237918448304
4,confirmatory_3d_2pl,7,-5856.036587035539,0.24998548344009466,0.07583318951866289
4,confirmatory_3d_2pl,8,-5858.010936124763,0.24970999405184766,0.07571261715269158
4,confirmatory_3d_2pl,9,-5856.174005272716,0.2501077486383855,0.07582738969387111
4,confirmatory_3d_2pl,10,-5858.343452773299,0.25089526976599025,0.07606887956880859
4,confirmatory_3d_2pl,11,-5858.450242933172,0.2491766038608135,0.0755563534064777
4,confirmatory_3d_2pl,12,-5860.390706816846,0.2504064664965713,0.07595679731624268
4,confirmatory_3d_2pl,13,-5856.227895172657,0.2500876689850116,0.07583811801920948
4,confirmatory_3d_2pl,14,-5856.404728564845,0.25033883671074514,0.07593259025877457
4,confirmatory_3d_2pl,15,-5856.600924294895,0.25032755411788743,0.07590997501406643
4,confirmatory_3d_2pl,16,-5858.551765764384,0.24966111978552616,0.07568662146588052
4,confirmatory_3d_2pl,17,-5858.072230109761,0.24938735801885722,0.07568792294731028
4,confirmatory_3d_2pl,18,-5858.280371808414,0.2502957747965669,0.0758930106575542
4,confirmatory_3d_2pl,19,-5856.840551069876,0.25017202247246684,0.07580654933554713
