split,random_state,epochs,model,restart,seed,train_signature,test_signature,retained_items,n_train,n_test,train_log_likelihood,holdout_log_loss,holdout_brier
0,20260810,2000,no_copyright_unidimensional_2pl,0,20260810,ab6d7ca01e571b1e649defefedef4734b77f68414695092b56b8fc4c3bd97122,084c63dc94bfe384ec05c1b278efc335f286462fc0d75da19684edcad8e50e0d,297,19263,4794,-5079.972213527276,0.2931171830650607,0.08900803271727
0,20260810,2000,no_copyright_unidimensional_2pl,1,20260811,ab6d7ca01e571b1e649defefedef4734b77f68414695092b56b8fc4c3bd97122,084c63dc94bfe384ec05c1b278efc335f286462fc0d75da19684edcad8e50e0d,297,19263,4794,-5085.003363220606,0.2933743261521103,0.0891065754067986
0,20260810,2000,no_copyright_unidimensional_2pl,2,20260812,ab6d7ca01e571b1e649defefedef4734b77f68414695092b56b8fc4c3bd97122,084c63dc94bfe384ec05c1b278efc335f286462fc0d75da19684edcad8e50e0d,297,19263,4794,-5081.640186510859,0.2924803772357001,0.0886462096672123
0,20260810,2000,no_copyright_unidimensional_2pl,3,20260813,ab6d7ca01e571b1e649defefedef4734b77f68414695092b56b8fc4c3bd97122,084c63dc94bfe384ec05c1b278efc335f286462fc0d75da19684edcad8e50e0d,297,19263,4794,-5082.098076519584,0.2933522779804561,0.0890260076044182
0,20260810,2000,no_copyright_unidimensional_2pl,4,20260814,ab6d7ca01e571b1e649defefedef4734b77f68414695092b56b8fc4c3bd97122,084c63dc94bfe384ec05c1b278efc335f286462fc0d75da19684edcad8e50e0d,297,19263,4794,-5081.226982804866,0.2932747018532592,0.088995149267805
0,20260810,2000,no_copyright_unidimensional_2pl,5,20260815,ab6d7ca01e571b1e649defefedef4734b77f68414695092b56b8fc4c3bd97122,084c63dc94bfe384ec05c1b278efc335f286462fc0d75da19684edcad8e50e0d,297,19263,4794,-5083.721395370204,0.2924564265283763,0.0888036490599369
0,20260810,2000,no_copyright_unidimensional_2pl,6,20260816,ab6d7ca01e571b1e649defefedef4734b77f68414695092b56b8fc4c3bd97122,084c63dc94bfe384ec05c1b278efc335f286462fc0d75da19684edcad8e50e0d,297,19263,4794,-5081.722931663853,0.29334551330269,0.0890476855516561
0,20260810,2000,no_copyright_unidimensional_2pl,7,20260817,ab6d7ca01e571b1e649defefedef4734b77f68414695092b56b8fc4c3bd97122,084c63dc94bfe384ec05c1b278efc335f286462fc0d75da19684edcad8e50e0d,297,19263,4794,-5080.596898299998,0.2929800934141939,0.0889042216715155
0,20260810,2000,no_copyright_unidimensional_2pl,8,20260818,ab6d7ca01e571b1e649defefedef4734b77f68414695092b56b8fc4c3bd97122,084c63dc94bfe384ec05c1b278efc335f286462fc0d75da19684edcad8e50e0d,297,19263,4794,-5084.581448972613,0.2932427075022859,0.0891204805841876
0,20260810,2000,no_copyright_unidimensional_2pl,9,20260819,ab6d7ca01e571b1e649defefedef4734b77f68414695092b56b8fc4c3bd97122,084c63dc94bfe384ec05c1b278efc335f286462fc0d75da19684edcad8e50e0d,297,19263,4794,-5082.9033809260645,0.2931308691582521,0.0890826039270033
0,20260810,2000,no_copyright_unidimensional_2pl,10,20260820,ab6d7ca01e571b1e649defefedef4734b77f68414695092b56b8fc4c3bd97122,084c63dc94bfe384ec05c1b278efc335f286462fc0d75da19684edcad8e50e0d,297,19263,4794,-5079.683398925709,0.2923292847927203,0.088635230051023
0,20260810,2000,no_copyright_unidimensional_2pl,11,20260821,ab6d7ca01e571b1e649defefedef4734b77f68414695092b56b8fc4c3bd97122,084c63dc94bfe384ec05c1b278efc335f286462fc0d75da19684edcad8e50e0d,297,19263,4794,-5081.085943206943,0.2927470447546303,0.088877524166588
0,20260810,2000,no_copyright_unidimensional_2pl,12,20260822,ab6d7ca01e571b1e649defefedef4734b77f68414695092b56b8fc4c3bd97122,084c63dc94bfe384ec05c1b278efc335f286462fc0d75da19684edcad8e50e0d,297,19263,4794,-5082.751998578177,0.2930138608189075,0.0889780364935242
0,20260810,2000,no_copyright_unidimensional_2pl,13,20260823,ab6d7ca01e571b1e649defefedef4734b77f68414695092b56b8fc4c3bd97122,084c63dc94bfe384ec05c1b278efc335f286462fc0d75da19684edcad8e50e0d,297,19263,4794,-5079.216853113254,0.2928234411895005,0.0889121178624765
0,20260810,2000,no_copyright_unidimensional_2pl,14,20260824,ab6d7ca01e571b1e649defefedef4734b77f68414695092b56b8fc4c3bd97122,084c63dc94bfe384ec05c1b278efc335f286462fc0d75da19684edcad8e50e0d,297,19263,4794,-5081.209972903459,0.2930254399565548,0.0888295755979997
0,20260810,2000,no_copyright_unidimensional_2pl,15,20260825,ab6d7ca01e571b1e649defefedef4734b77f68414695092b56b8fc4c3bd97122,084c63dc94bfe384ec05c1b278efc335f286462fc0d75da19684edcad8e50e0d,297,19263,4794,-5082.707382109912,0.2934981643224765,0.0890177756892137
0,20260810,2000,no_copyright_unidimensional_2pl,16,20260826,ab6d7ca01e571b1e649defefedef4734b77f68414695092b56b8fc4c3bd97122,084c63dc94bfe384ec05c1b278efc335f286462fc0d75da19684edcad8e50e0d,297,19263,4794,-5080.3833567962065,0.2924778836387239,0.0888461096807377
0,20260810,2000,no_copyright_unidimensional_2pl,17,20260827,ab6d7ca01e571b1e649defefedef4734b77f68414695092b56b8fc4c3bd97122,084c63dc94bfe384ec05c1b278efc335f286462fc0d75da19684edcad8e50e0d,297,19263,4794,-5083.0908289562885,0.2932793192753146,0.0890011766209312
0,20260810,2000,no_copyright_unidimensional_2pl,18,20260828,ab6d7ca01e571b1e649defefedef4734b77f68414695092b56b8fc4c3bd97122,084c63dc94bfe384ec05c1b278efc335f286462fc0d75da19684edcad8e50e0d,297,19263,4794,-5082.687507567017,0.2932059106872183,0.0890649080550623
0,20260810,2000,no_copyright_unidimensional_2pl,19,20260829,ab6d7ca01e571b1e649defefedef4734b77f68414695092b56b8fc4c3bd97122,084c63dc94bfe384ec05c1b278efc335f286462fc0d75da19684edcad8e50e0d,297,19263,4794,-5079.6952133850555,0.293011108512768,0.0889294549041764
0,20260810,2000,no_copyright_confirmatory_2d_2pl,0,20260910,ab6d7ca01e571b1e649defefedef4734b77f68414695092b56b8fc4c3bd97122,084c63dc94bfe384ec05c1b278efc335f286462fc0d75da19684edcad8e50e0d,297,19263,4794,-4726.69571856578,0.2773854020760222,0.0844644594264105
0,20260810,2000,no_copyright_confirmatory_2d_2pl,1,20260911,ab6d7ca01e571b1e649defefedef4734b77f68414695092b56b8fc4c3bd97122,084c63dc94bfe384ec05c1b278efc335f286462fc0d75da19684edcad8e50e0d,297,19263,4794,-4722.789813433267,0.2758822432311743,0.0842366021076268
0,20260810,2000,no_copyright_confirmatory_2d_2pl,2,20260912,ab6d7ca01e571b1e649defefedef4734b77f68414695092b56b8fc4c3bd97122,084c63dc94bfe384ec05c1b278efc335f286462fc0d75da19684edcad8e50e0d,297,19263,4794,-4727.908830308137,0.2769531677256167,0.0844012493480465
0,20260810,2000,no_copyright_confirmatory_2d_2pl,3,20260913,ab6d7ca01e571b1e649defefedef4734b77f68414695092b56b8fc4c3bd97122,084c63dc94bfe384ec05c1b278efc335f286462fc0d75da19684edcad8e50e0d,297,19263,4794,-4727.507693047337,0.2763278660160467,0.0842897329574668
0,20260810,2000,no_copyright_confirmatory_2d_2pl,4,20260914,ab6d7ca01e571b1e649defefedef4734b77f68414695092b56b8fc4c3bd97122,084c63dc94bfe384ec05c1b278efc335f286462fc0d75da19684edcad8e50e0d,297,19263,4794,-4724.117870246246,0.2772892217503699,0.08456722778699
0,20260810,2000,no_copyright_confirmatory_2d_2pl,5,20260915,ab6d7ca01e571b1e649defefedef4734b77f68414695092b56b8fc4c3bd97122,084c63dc94bfe384ec05c1b278efc335f286462fc0d75da19684edcad8e50e0d,297,19263,4794,-4726.441137070122,0.277468353359585,0.0847157008538715
0,20260810,2000,no_copyright_confirmatory_2d_2pl,6,20260916,ab6d7ca01e571b1e649defefedef4734b77f68414695092b56b8fc4c3bd97122,084c63dc94bfe384ec05c1b278efc335f286462fc0d75da19684edcad8e50e0d,297,19263,4794,-4724.735648898219,0.2772744886663648,0.0846812203937375
0,20260810,2000,no_copyright_confirmatory_2d_2pl,7,20260917,ab6d7ca01e571b1e649defefedef4734b77f68414695092b56b8fc4c3bd97122,084c63dc94bfe384ec05c1b278efc335f286462fc0d75da19684edcad8e50e0d,297,19263,4794,-4722.264027031552,0.2774941260240459,0.0846759564142621
0,20260810,2000,no_copyright_confirmatory_2d_2pl,8,20260918,ab6d7ca01e571b1e649defefedef4734b77f68414695092b56b8fc4c3bd97122,084c63dc94bfe384ec05c1b278efc335f286462fc0d75da19684edcad8e50e0d,297,19263,4794,-4728.075554309536,0.2764138070524962,0.0842635161026958
0,20260810,2000,no_copyright_confirmatory_2d_2pl,9,20260919,ab6d7ca01e571b1e649defefedef4734b77f68414695092b56b8fc4c3bd97122,084c63dc94bfe384ec05c1b278efc335f286462fc0d75da19684edcad8e50e0d,297,19263,4794,-4727.27371130044,0.2772075688175138,0.0845895342617697
0,20260810,2000,no_copyright_confirmatory_2d_2pl,10,20260920,ab6d7ca01e571b1e649defefedef4734b77f68414695092b56b8fc4c3bd97122,084c63dc94bfe384ec05c1b278efc335f286462fc0d75da19684edcad8e50e0d,297,19263,4794,-4725.584690961849,0.2761636582636603,0.0842498586738423
0,20260810,2000,no_copyright_confirmatory_2d_2pl,11,20260921,ab6d7ca01e571b1e649defefedef4734b77f68414695092b56b8fc4c3bd97122,084c63dc94bfe384ec05c1b278efc335f286462fc0d75da19684edcad8e50e0d,297,19263,4794,-4727.458058799906,0.2765840055182068,0.0842679140605425
0,20260810,2000,no_copyright_confirmatory_2d_2pl,12,20260922,ab6d7ca01e571b1e649defefedef4734b77f68414695092b56b8fc4c3bd97122,084c63dc94bfe384ec05c1b278efc335f286462fc0d75da19684edcad8e50e0d,297,19263,4794,-4725.91309069768,0.2764843236031593,0.0842504957272263
0,20260810,2000,no_copyright_confirmatory_2d_2pl,13,20260923,ab6d7ca01e571b1e649defefedef4734b77f68414695092b56b8fc4c3bd97122,084c63dc94bfe384ec05c1b278efc335f286462fc0d75da19684edcad8e50e0d,297,19263,4794,-4726.616067593142,0.2774626122045047,0.0845879347698678
0,20260810,2000,no_copyright_confirmatory_2d_2pl,14,20260924,ab6d7ca01e571b1e649defefedef4734b77f68414695092b56b8fc4c3bd97122,084c63dc94bfe384ec05c1b278efc335f286462fc0d75da19684edcad8e50e0d,297,19263,4794,-4726.047470750718,0.2769382578656529,0.0845637999243388
0,20260810,2000,no_copyright_confirmatory_2d_2pl,15,20260925,ab6d7ca01e571b1e649defefedef4734b77f68414695092b56b8fc4c3bd97122,084c63dc94bfe384ec05c1b278efc335f286462fc0d75da19684edcad8e50e0d,297,19263,4794,-4725.188048202979,0.277717720601507,0.0846034025658313
0,20260810,2000,no_copyright_confirmatory_2d_2pl,16,20260926,ab6d7ca01e571b1e649defefedef4734b77f68414695092b56b8fc4c3bd97122,084c63dc94bfe384ec05c1b278efc335f286462fc0d75da19684edcad8e50e0d,297,19263,4794,-4724.647854028773,0.2766976261535577,0.0843529994491443
0,20260810,2000,no_copyright_confirmatory_2d_2pl,17,20260927,ab6d7ca01e571b1e649defefedef4734b77f68414695092b56b8fc4c3bd97122,084c63dc94bfe384ec05c1b278efc335f286462fc0d75da19684edcad8e50e0d,297,19263,4794,-4726.652831343594,0.2770818940542673,0.0843987235997827
0,20260810,2000,no_copyright_confirmatory_2d_2pl,18,20260928,ab6d7ca01e571b1e649defefedef4734b77f68414695092b56b8fc4c3bd97122,084c63dc94bfe384ec05c1b278efc335f286462fc0d75da19684edcad8e50e0d,297,19263,4794,-4724.931850874578,0.2771625320990897,0.08458549048721
0,20260810,2000,no_copyright_confirmatory_2d_2pl,19,20260929,ab6d7ca01e571b1e649defefedef4734b77f68414695092b56b8fc4c3bd97122,084c63dc94bfe384ec05c1b278efc335f286462fc0d75da19684edcad8e50e0d,297,19263,4794,-4724.275204507167,0.2772287215797001,0.0845167753888845
1,20260811,2000,no_copyright_unidimensional_2pl,0,20270810,46828f411ec459a1606540ec94024c7c42d562d02b9ffa3232898a2502b3449f,24748256dfa06a98c6c024417610587209e6ee680d8e74aa542af120513d1429,298,19306,4832,-5118.672174500218,0.2846628678582233,0.0865376861657128
1,20260811,2000,no_copyright_unidimensional_2pl,1,20270811,46828f411ec459a1606540ec94024c7c42d562d02b9ffa3232898a2502b3449f,24748256dfa06a98c6c024417610587209e6ee680d8e74aa542af120513d1429,298,19306,4832,-5120.591466612216,0.2837730036999733,0.0863356333856022
1,20260811,2000,no_copyright_unidimensional_2pl,2,20270812,46828f411ec459a1606540ec94024c7c42d562d02b9ffa3232898a2502b3449f,24748256dfa06a98c6c024417610587209e6ee680d8e74aa542af120513d1429,298,19306,4832,-5118.65309786742,0.2840931574637423,0.086310525599505
1,20260811,2000,no_copyright_unidimensional_2pl,3,20270813,46828f411ec459a1606540ec94024c7c42d562d02b9ffa3232898a2502b3449f,24748256dfa06a98c6c024417610587209e6ee680d8e74aa542af120513d1429,298,19306,4832,-5120.851553540023,0.2833311711859344,0.0861725298693912
1,20260811,2000,no_copyright_unidimensional_2pl,4,20270814,46828f411ec459a1606540ec94024c7c42d562d02b9ffa3232898a2502b3449f,24748256dfa06a98c6c024417610587209e6ee680d8e74aa542af120513d1429,298,19306,4832,-5123.28023662038,0.2842772614859641,0.0864993281361616
1,20260811,2000,no_copyright_unidimensional_2pl,5,20270815,46828f411ec459a1606540ec94024c7c42d562d02b9ffa3232898a2502b3449f,24748256dfa06a98c6c024417610587209e6ee680d8e74aa542af120513d1429,298,19306,4832,-5123.408877972762,0.2832244100700627,0.0861519692265056
1,20260811,2000,no_copyright_unidimensional_2pl,6,20270816,46828f411ec459a1606540ec94024c7c42d562d02b9ffa3232898a2502b3449f,24748256dfa06a98c6c024417610587209e6ee680d8e74aa542af120513d1429,298,19306,4832,-5119.1668406314175,0.2839574189676521,0.0864121005186886
1,20260811,2000,no_copyright_unidimensional_2pl,7,20270817,46828f411ec459a1606540ec94024c7c42d562d02b9ffa3232898a2502b3449f,24748256dfa06a98c6c024417610587209e6ee680d8e74aa542af120513d1429,298,19306,4832,-5116.080753725971,0.2835609859487574,0.0862539285764806
1,20260811,2000,no_copyright_unidimensional_2pl,8,20270818,46828f411ec459a1606540ec94024c7c42d562d02b9ffa3232898a2502b3449f,24748256dfa06a98c6c024417610587209e6ee680d8e74aa542af120513d1429,298,19306,4832,-5122.958385508269,0.2837622170020319,0.0863645625643387
1,20260811,2000,no_copyright_unidimensional_2pl,9,20270819,46828f411ec459a1606540ec94024c7c42d562d02b9ffa3232898a2502b3449f,24748256dfa06a98c6c024417610587209e6ee680d8e74aa542af120513d1429,298,19306,4832,-5119.326034778277,0.2829933197431279,0.0859659586506362
1,20260811,2000,no_copyright_unidimensional_2pl,10,20270820,46828f411ec459a1606540ec94024c7c42d562d02b9ffa3232898a2502b3449f,24748256dfa06a98c6c024417610587209e6ee680d8e74aa542af120513d1429,298,19306,4832,-5120.957502955839,0.2841061572500897,0.0863493124366789
1,20260811,2000,no_copyright_unidimensional_2pl,11,20270821,46828f411ec459a1606540ec94024c7c42d562d02b9ffa3232898a2502b3449f,24748256dfa06a98c6c024417610587209e6ee680d8e74aa542af120513d1429,298,19306,4832,-5120.6475681519,0.2834257536419965,0.0862593624326436
1,20260811,2000,no_copyright_unidimensional_2pl,12,20270822,46828f411ec459a1606540ec94024c7c42d562d02b9ffa3232898a2502b3449f,24748256dfa06a98c6c024417610587209e6ee680d8e74aa542af120513d1429,298,19306,4832,-5121.626840626781,0.2836428658190809,0.0862722882296438
1,20260811,2000,no_copyright_unidimensional_2pl,13,20270823,46828f411ec459a1606540ec94024c7c42d562d02b9ffa3232898a2502b3449f,24748256dfa06a98c6c024417610587209e6ee680d8e74aa542af120513d1429,298,19306,4832,-5122.401796839647,0.2841187952825393,0.0864479029669039
1,20260811,2000,no_copyright_unidimensional_2pl,14,20270824,46828f411ec459a1606540ec94024c7c42d562d02b9ffa3232898a2502b3449f,24748256dfa06a98c6c024417610587209e6ee680d8e74aa542af120513d1429,298,19306,4832,-5120.96607332288,0.2832933317537554,0.0861600127607049
1,20260811,2000,no_copyright_unidimensional_2pl,15,20270825,46828f411ec459a1606540ec94024c7c42d562d02b9ffa3232898a2502b3449f,24748256dfa06a98c6c024417610587209e6ee680d8e74aa542af120513d1429,298,19306,4832,-5121.404395328772,0.2838286624811257,0.0863057211641621
1,20260811,2000,no_copyright_unidimensional_2pl,16,20270826,46828f411ec459a1606540ec94024c7c42d562d02b9ffa3232898a2502b3449f,24748256dfa06a98c6c024417610587209e6ee680d8e74aa542af120513d1429,298,19306,4832,-5120.509151269236,0.2836095916305312,0.0863683455637579
1,20260811,2000,no_copyright_unidimensional_2pl,17,20270827,46828f411ec459a1606540ec94024c7c42d562d02b9ffa3232898a2502b3449f,24748256dfa06a98c6c024417610587209e6ee680d8e74aa542af120513d1429,298,19306,4832,-5122.178372565322,0.2838510504290449,0.0864107279996664
1,20260811,2000,no_copyright_unidimensional_2pl,18,20270828,46828f411ec459a1606540ec94024c7c42d562d02b9ffa3232898a2502b3449f,24748256dfa06a98c6c024417610587209e6ee680d8e74aa542af120513d1429,298,19306,4832,-5120.936696454163,0.2836731602988852,0.0862762904996066
1,20260811,2000,no_copyright_unidimensional_2pl,19,20270829,46828f411ec459a1606540ec94024c7c42d562d02b9ffa3232898a2502b3449f,24748256dfa06a98c6c024417610587209e6ee680d8e74aa542af120513d1429,298,19306,4832,-5116.300481482246,0.2837281030420694,0.0862964046565989
1,20260811,2000,no_copyright_confirmatory_2d_2pl,0,20270910,46828f411ec459a1606540ec94024c7c42d562d02b9ffa3232898a2502b3449f,24748256dfa06a98c6c024417610587209e6ee680d8e74aa542af120513d1429,298,19306,4832,-4735.398827664383,0.2727641841782084,0.0837892013880769
1,20260811,2000,no_copyright_confirmatory_2d_2pl,1,20270911,46828f411ec459a1606540ec94024c7c42d562d02b9ffa3232898a2502b3449f,24748256dfa06a98c6c024417610587209e6ee680d8e74aa542af120513d1429,298,19306,4832,-4738.371997165957,0.2722848395775085,0.0836329419721263
1,20260811,2000,no_copyright_confirmatory_2d_2pl,2,20270912,46828f411ec459a1606540ec94024c7c42d562d02b9ffa3232898a2502b3449f,24748256dfa06a98c6c024417610587209e6ee680d8e74aa542af120513d1429,298,19306,4832,-4736.736105727907,0.2726400642333689,0.0836842692490537
1,20260811,2000,no_copyright_confirmatory_2d_2pl,3,20270913,46828f411ec459a1606540ec94024c7c42d562d02b9ffa3232898a2502b3449f,24748256dfa06a98c6c024417610587209e6ee680d8e74aa542af120513d1429,298,19306,4832,-4733.237317647831,0.2736224376601675,0.0839347045453518
1,20260811,2000,no_copyright_confirmatory_2d_2pl,4,20270914,46828f411ec459a1606540ec94024c7c42d562d02b9ffa3232898a2502b3449f,24748256dfa06a98c6c024417610587209e6ee680d8e74aa542af120513d1429,298,19306,4832,-4736.696978347634,0.2725080789366551,0.083554616357698
1,20260811,2000,no_copyright_confirmatory_2d_2pl,5,20270915,46828f411ec459a1606540ec94024c7c42d562d02b9ffa3232898a2502b3449f,24748256dfa06a98c6c024417610587209e6ee680d8e74aa542af120513d1429,298,19306,4832,-4737.723237210546,0.2724289776006832,0.0836176873537397
1,20260811,2000,no_copyright_confirmatory_2d_2pl,6,20270916,46828f411ec459a1606540ec94024c7c42d562d02b9ffa3232898a2502b3449f,24748256dfa06a98c6c024417610587209e6ee680d8e74aa542af120513d1429,298,19306,4832,-4739.316489272645,0.2724564313653181,0.0836765946519851
1,20260811,2000,no_copyright_confirmatory_2d_2pl,7,20270917,46828f411ec459a1606540ec94024c7c42d562d02b9ffa3232898a2502b3449f,24748256dfa06a98c6c024417610587209e6ee680d8e74aa542af120513d1429,298,19306,4832,-4738.761782098235,0.2732116240363666,0.0838763442650275
1,20260811,2000,no_copyright_confirmatory_2d_2pl,8,20270918,46828f411ec459a1606540ec94024c7c42d562d02b9ffa3232898a2502b3449f,24748256dfa06a98c6c024417610587209e6ee680d8e74aa542af120513d1429,298,19306,4832,-4737.266153707187,0.2732967643985535,0.0839252694590811
1,20260811,2000,no_copyright_confirmatory_2d_2pl,9,20270919,46828f411ec459a1606540ec94024c7c42d562d02b9ffa3232898a2502b3449f,24748256dfa06a98c6c024417610587209e6ee680d8e74aa542af120513d1429,298,19306,4832,-4739.247100359863,0.2727648512276114,0.0837225764906101
1,20260811,2000,no_copyright_confirmatory_2d_2pl,10,20270920,46828f411ec459a1606540ec94024c7c42d562d02b9ffa3232898a2502b3449f,24748256dfa06a98c6c024417610587209e6ee680d8e74aa542af120513d1429,298,19306,4832,-4737.371664772531,0.2724885731225562,0.0835991182792477
1,20260811,2000,no_copyright_confirmatory_2d_2pl,11,20270921,46828f411ec459a1606540ec94024c7c42d562d02b9ffa3232898a2502b3449f,24748256dfa06a98c6c024417610587209e6ee680d8e74aa542af120513d1429,298,19306,4832,-4737.616686303172,0.2732117337221955,0.0838174897031265
1,20260811,2000,no_copyright_confirmatory_2d_2pl,12,20270922,46828f411ec459a1606540ec94024c7c42d562d02b9ffa3232898a2502b3449f,24748256dfa06a98c6c024417610587209e6ee680d8e74aa542af120513d1429,298,19306,4832,-4734.365072302635,0.2729287135976316,0.0837339861497918
1,20260811,2000,no_copyright_confirmatory_2d_2pl,13,20270923,46828f411ec459a1606540ec94024c7c42d562d02b9ffa3232898a2502b3449f,24748256dfa06a98c6c024417610587209e6ee680d8e74aa542af120513d1429,298,19306,4832,-4734.14970938867,0.2735688607979989,0.0840703413773092
1,20260811,2000,no_copyright_confirmatory_2d_2pl,14,20270924,46828f411ec459a1606540ec94024c7c42d562d02b9ffa3232898a2502b3449f,24748256dfa06a98c6c024417610587209e6ee680d8e74aa542af120513d1429,298,19306,4832,-4734.133637899097,0.2720153570065824,0.0834983051778675
1,20260811,2000,no_copyright_confirmatory_2d_2pl,15,20270925,46828f411ec459a1606540ec94024c7c42d562d02b9ffa3232898a2502b3449f,24748256dfa06a98c6c024417610587209e6ee680d8e74aa542af120513d1429,298,19306,4832,-4736.570632203061,0.2735483008988334,0.0839495381061579
1,20260811,2000,no_copyright_confirmatory_2d_2pl,16,20270926,46828f411ec459a1606540ec94024c7c42d562d02b9ffa3232898a2502b3449f,24748256dfa06a98c6c024417610587209e6ee680d8e74aa542af120513d1429,298,19306,4832,-4736.566716942677,0.2733193141602388,0.0839842157544959
1,20260811,2000,no_copyright_confirmatory_2d_2pl,17,20270927,46828f411ec459a1606540ec94024c7c42d562d02b9ffa3232898a2502b3449f,24748256dfa06a98c6c024417610587209e6ee680d8e74aa542af120513d1429,298,19306,4832,-4734.916993377223,0.2728668317136496,0.0836234759090703
1,20260811,2000,no_copyright_confirmatory_2d_2pl,18,20270928,46828f411ec459a1606540ec94024c7c42d562d02b9ffa3232898a2502b3449f,24748256dfa06a98c6c024417610587209e6ee680d8e74aa542af120513d1429,298,19306,4832,-4737.822570597398,0.2731468784797481,0.0838289061117647
1,20260811,2000,no_copyright_confirmatory_2d_2pl,19,20270929,46828f411ec459a1606540ec94024c7c42d562d02b9ffa3232898a2502b3449f,24748256dfa06a98c6c024417610587209e6ee680d8e74aa542af120513d1429,298,19306,4832,-4737.2406210475065,0.2733136033297009,0.0838475782470481
2,20260812,2000,no_copyright_unidimensional_2pl,0,20280810,ee33b9a194c1e3c9a92095939191bc300166fbf184f8d6d3d25d9a73b6cc94d7,18f59b6b81d8cec91012a6f1beecad0aaedf17d22494dbd7f743660cc0522177,298,19314,4824,-5022.91461781195,0.3038964330078174,0.0919077953811414
2,20260812,2000,no_copyright_unidimensional_2pl,1,20280811,ee33b9a194c1e3c9a92095939191bc300166fbf184f8d6d3d25d9a73b6cc94d7,18f59b6b81d8cec91012a6f1beecad0aaedf17d22494dbd7f743660cc0522177,298,19314,4824,-5020.146090342779,0.3049163007126713,0.0921391058248677
2,20260812,2000,no_copyright_unidimensional_2pl,2,20280812,ee33b9a194c1e3c9a92095939191bc300166fbf184f8d6d3d25d9a73b6cc94d7,18f59b6b81d8cec91012a6f1beecad0aaedf17d22494dbd7f743660cc0522177,298,19314,4824,-5017.138247610386,0.3042026723337022,0.0919017083123643
2,20260812,2000,no_copyright_unidimensional_2pl,3,20280813,ee33b9a194c1e3c9a92095939191bc300166fbf184f8d6d3d25d9a73b6cc94d7,18f59b6b81d8cec91012a6f1beecad0aaedf17d22494dbd7f743660cc0522177,298,19314,4824,-5021.223722017337,0.3043256024414835,0.0920538908258981
2,20260812,2000,no_copyright_unidimensional_2pl,4,20280814,ee33b9a194c1e3c9a92095939191bc300166fbf184f8d6d3d25d9a73b6cc94d7,18f59b6b81d8cec91012a6f1beecad0aaedf17d22494dbd7f743660cc0522177,298,19314,4824,-5018.928035108492,0.3039566892168108,0.0919491408064844
2,20260812,2000,no_copyright_unidimensional_2pl,5,20280815,ee33b9a194c1e3c9a92095939191bc300166fbf184f8d6d3d25d9a73b6cc94d7,18f59b6b81d8cec91012a6f1beecad0aaedf17d22494dbd7f743660cc0522177,298,19314,4824,-5017.694876609087,0.3047862880810347,0.0920139282345389
2,20260812,2000,no_copyright_unidimensional_2pl,6,20280816,ee33b9a194c1e3c9a92095939191bc300166fbf184f8d6d3d25d9a73b6cc94d7,18f59b6b81d8cec91012a6f1beecad0aaedf17d22494dbd7f743660cc0522177,298,19314,4824,-5020.039212789619,0.3044806090835458,0.0920665403291251
2,20260812,2000,no_copyright_unidimensional_2pl,7,20280817,ee33b9a194c1e3c9a92095939191bc300166fbf184f8d6d3d25d9a73b6cc94d7,18f59b6b81d8cec91012a6f1beecad0aaedf17d22494dbd7f743660cc0522177,298,19314,4824,-5020.339341976111,0.3043874717644668,0.0919773624689764
2,20260812,2000,no_copyright_unidimensional_2pl,8,20280818,ee33b9a194c1e3c9a92095939191bc300166fbf184f8d6d3d25d9a73b6cc94d7,18f59b6b81d8cec91012a6f1beecad0aaedf17d22494dbd7f743660cc0522177,298,19314,4824,-5020.575895011985,0.3046845892103534,0.0920103631590121
2,20260812,2000,no_copyright_unidimensional_2pl,9,20280819,ee33b9a194c1e3c9a92095939191bc300166fbf184f8d6d3d25d9a73b6cc94d7,18f59b6b81d8cec91012a6f1beecad0aaedf17d22494dbd7f743660cc0522177,298,19314,4824,-5019.115403601959,0.3042161228994852,0.0918775792656371
2,20260812,2000,no_copyright_unidimensional_2pl,10,20280820,ee33b9a194c1e3c9a92095939191bc300166fbf184f8d6d3d25d9a73b6cc94d7,18f59b6b81d8cec91012a6f1beecad0aaedf17d22494dbd7f743660cc0522177,298,19314,4824,-5021.107315977008,0.3046479512540076,0.0921071216463925
2,20260812,2000,no_copyright_unidimensional_2pl,11,20280821,ee33b9a194c1e3c9a92095939191bc300166fbf184f8d6d3d25d9a73b6cc94d7,18f59b6b81d8cec91012a6f1beecad0aaedf17d22494dbd7f743660cc0522177,298,19314,4824,-5020.423902939356,0.3042347426120095,0.0919199468483803
2,20260812,2000,no_copyright_unidimensional_2pl,12,20280822,ee33b9a194c1e3c9a92095939191bc300166fbf184f8d6d3d25d9a73b6cc94d7,18f59b6b81d8cec91012a6f1beecad0aaedf17d22494dbd7f743660cc0522177,298,19314,4824,-5018.040115246613,0.3032653811505687,0.0915631370295907
2,20260812,2000,no_copyright_unidimensional_2pl,13,20280823,ee33b9a194c1e3c9a92095939191bc300166fbf184f8d6d3d25d9a73b6cc94d7,18f59b6b81d8cec91012a6f1beecad0aaedf17d22494dbd7f743660cc0522177,298,19314,4824,-5019.72592868524,0.3039395601802163,0.0919558593601737
2,20260812,2000,no_copyright_unidimensional_2pl,14,20280824,ee33b9a194c1e3c9a92095939191bc300166fbf184f8d6d3d25d9a73b6cc94d7,18f59b6b81d8cec91012a6f1beecad0aaedf17d22494dbd7f743660cc0522177,298,19314,4824,-5018.431237717937,0.3038573193092875,0.0918080663394599
2,20260812,2000,no_copyright_unidimensional_2pl,15,20280825,ee33b9a194c1e3c9a92095939191bc300166fbf184f8d6d3d25d9a73b6cc94d7,18f59b6b81d8cec91012a6f1beecad0aaedf17d22494dbd7f743660cc0522177,298,19314,4824,-5023.857353191704,0.3051467787602082,0.0923176915642393
2,20260812,2000,no_copyright_unidimensional_2pl,16,20280826,ee33b9a194c1e3c9a92095939191bc300166fbf184f8d6d3d25d9a73b6cc94d7,18f59b6b81d8cec91012a6f1beecad0aaedf17d22494dbd7f743660cc0522177,298,19314,4824,-5019.760825126879,0.3042498913569927,0.0920761614829928
2,20260812,2000,no_copyright_unidimensional_2pl,17,20280827,ee33b9a194c1e3c9a92095939191bc300166fbf184f8d6d3d25d9a73b6cc94d7,18f59b6b81d8cec91012a6f1beecad0aaedf17d22494dbd7f743660cc0522177,298,19314,4824,-5018.601085447775,0.3046732650328925,0.0920855178122917
2,20260812,2000,no_copyright_unidimensional_2pl,18,20280828,ee33b9a194c1e3c9a92095939191bc300166fbf184f8d6d3d25d9a73b6cc94d7,18f59b6b81d8cec91012a6f1beecad0aaedf17d22494dbd7f743660cc0522177,298,19314,4824,-5020.869278805384,0.3042264737533711,0.0920161365556436
2,20260812,2000,no_copyright_unidimensional_2pl,19,20280829,ee33b9a194c1e3c9a92095939191bc300166fbf184f8d6d3d25d9a73b6cc94d7,18f59b6b81d8cec91012a6f1beecad0aaedf17d22494dbd7f743660cc0522177,298,19314,4824,-5021.210032140369,0.3042787244929963,0.0920900575667517
2,20260812,2000,no_copyright_confirmatory_2d_2pl,0,20280910,ee33b9a194c1e3c9a92095939191bc300166fbf184f8d6d3d25d9a73b6cc94d7,18f59b6b81d8cec91012a6f1beecad0aaedf17d22494dbd7f743660cc0522177,298,19314,4824,-4686.580845565787,0.2833216613910805,0.0862427087744822
2,20260812,2000,no_copyright_confirmatory_2d_2pl,1,20280911,ee33b9a194c1e3c9a92095939191bc300166fbf184f8d6d3d25d9a73b6cc94d7,18f59b6b81d8cec91012a6f1beecad0aaedf17d22494dbd7f743660cc0522177,298,19314,4824,-4685.925037110112,0.2837051167000343,0.0864847899252072
2,20260812,2000,no_copyright_confirmatory_2d_2pl,2,20280912,ee33b9a194c1e3c9a92095939191bc300166fbf184f8d6d3d25d9a73b6cc94d7,18f59b6b81d8cec91012a6f1beecad0aaedf17d22494dbd7f743660cc0522177,298,19314,4824,-4687.987639485067,0.2830209405245756,0.0864086336688937
2,20260812,2000,no_copyright_confirmatory_2d_2pl,3,20280913,ee33b9a194c1e3c9a92095939191bc300166fbf184f8d6d3d25d9a73b6cc94d7,18f59b6b81d8cec91012a6f1beecad0aaedf17d22494dbd7f743660cc0522177,298,19314,4824,-4690.130872642926,0.2835274572362103,0.0864718122760903
2,20260812,2000,no_copyright_confirmatory_2d_2pl,4,20280914,ee33b9a194c1e3c9a92095939191bc300166fbf184f8d6d3d25d9a73b6cc94d7,18f59b6b81d8cec91012a6f1beecad0aaedf17d22494dbd7f743660cc0522177,298,19314,4824,-4688.972298490784,0.284123835554594,0.0864997992305662
2,20260812,2000,no_copyright_confirmatory_2d_2pl,5,20280915,ee33b9a194c1e3c9a92095939191bc300166fbf184f8d6d3d25d9a73b6cc94d7,18f59b6b81d8cec91012a6f1beecad0aaedf17d22494dbd7f743660cc0522177,298,19314,4824,-4688.426221792058,0.2838466082091539,0.0864337782827306
2,20260812,2000,no_copyright_confirmatory_2d_2pl,6,20280916,ee33b9a194c1e3c9a92095939191bc300166fbf184f8d6d3d25d9a73b6cc94d7,18f59b6b81d8cec91012a6f1beecad0aaedf17d22494dbd7f743660cc0522177,298,19314,4824,-4689.271738473684,0.2835193306061897,0.0863653422268895
2,20260812,2000,no_copyright_confirmatory_2d_2pl,7,20280917,ee33b9a194c1e3c9a92095939191bc300166fbf184f8d6d3d25d9a73b6cc94d7,18f59b6b81d8cec91012a6f1beecad0aaedf17d22494dbd7f743660cc0522177,298,19314,4824,-4688.605434497652,0.2836853700722123,0.0865387428375521
2,20260812,2000,no_copyright_confirmatory_2d_2pl,8,20280918,ee33b9a194c1e3c9a92095939191bc300166fbf184f8d6d3d25d9a73b6cc94d7,18f59b6b81d8cec91012a6f1beecad0aaedf17d22494dbd7f743660cc0522177,298,19314,4824,-4686.936655806339,0.2835325356523216,0.0864884349212288
2,20260812,2000,no_copyright_confirmatory_2d_2pl,9,20280919,ee33b9a194c1e3c9a92095939191bc300166fbf184f8d6d3d25d9a73b6cc94d7,18f59b6b81d8cec91012a6f1beecad0aaedf17d22494dbd7f743660cc0522177,298,19314,4824,-4689.019327306876,0.2840762866210971,0.0866526995872313
2,20260812,2000,no_copyright_confirmatory_2d_2pl,10,20280920,ee33b9a194c1e3c9a92095939191bc300166fbf184f8d6d3d25d9a73b6cc94d7,18f59b6b81d8cec91012a6f1beecad0aaedf17d22494dbd7f743660cc0522177,298,19314,4824,-4685.773144685066,0.2835050383049156,0.08643955635646
2,20260812,2000,no_copyright_confirmatory_2d_2pl,11,20280921,ee33b9a194c1e3c9a92095939191bc300166fbf184f8d6d3d25d9a73b6cc94d7,18f59b6b81d8cec91012a6f1beecad0aaedf17d22494dbd7f743660cc0522177,298,19314,4824,-4687.709214570457,0.283951559772763,0.0865498654858132
2,20260812,2000,no_copyright_confirmatory_2d_2pl,12,20280922,ee33b9a194c1e3c9a92095939191bc300166fbf184f8d6d3d25d9a73b6cc94d7,18f59b6b81d8cec91012a6f1beecad0aaedf17d22494dbd7f743660cc0522177,298,19314,4824,-4686.344641299453,0.2841567929462253,0.0866542048637744
2,20260812,2000,no_copyright_confirmatory_2d_2pl,13,20280923,ee33b9a194c1e3c9a92095939191bc300166fbf184f8d6d3d25d9a73b6cc94d7,18f59b6b81d8cec91012a6f1beecad0aaedf17d22494dbd7f743660cc0522177,298,19314,4824,-4686.23979480848,0.2833953486600518,0.0863939718841872
2,20260812,2000,no_copyright_confirmatory_2d_2pl,14,20280924,ee33b9a194c1e3c9a92095939191bc300166fbf184f8d6d3d25d9a73b6cc94d7,18f59b6b81d8cec91012a6f1beecad0aaedf17d22494dbd7f743660cc0522177,298,19314,4824,-4686.885710214261,0.2833104440970222,0.0864451015950122
2,20260812,2000,no_copyright_confirmatory_2d_2pl,15,20280925,ee33b9a194c1e3c9a92095939191bc300166fbf184f8d6d3d25d9a73b6cc94d7,18f59b6b81d8cec91012a6f1beecad0aaedf17d22494dbd7f743660cc0522177,298,19314,4824,-4688.321536727941,0.283821156718563,0.0863927591801501
2,20260812,2000,no_copyright_confirmatory_2d_2pl,16,20280926,ee33b9a194c1e3c9a92095939191bc300166fbf184f8d6d3d25d9a73b6cc94d7,18f59b6b81d8cec91012a6f1beecad0aaedf17d22494dbd7f743660cc0522177,298,19314,4824,-4687.557854826771,0.2835030381825985,0.0863966128083176
2,20260812,2000,no_copyright_confirmatory_2d_2pl,17,20280927,ee33b9a194c1e3c9a92095939191bc300166fbf184f8d6d3d25d9a73b6cc94d7,18f59b6b81d8cec91012a6f1beecad0aaedf17d22494dbd7f743660cc0522177,298,19314,4824,-4686.7859242554205,0.2838232719612906,0.0864380741828961
2,20260812,2000,no_copyright_confirmatory_2d_2pl,18,20280928,ee33b9a194c1e3c9a92095939191bc300166fbf184f8d6d3d25d9a73b6cc94d7,18f59b6b81d8cec91012a6f1beecad0aaedf17d22494dbd7f743660cc0522177,298,19314,4824,-4690.977520492277,0.2838639721169643,0.0864422882835236
2,20260812,2000,no_copyright_confirmatory_2d_2pl,19,20280929,ee33b9a194c1e3c9a92095939191bc300166fbf184f8d6d3d25d9a73b6cc94d7,18f59b6b81d8cec91012a6f1beecad0aaedf17d22494dbd7f743660cc0522177,298,19314,4824,-4689.22918555718,0.2843219533433235,0.086504490553439
3,20260813,2000,no_copyright_unidimensional_2pl,0,20290810,ff77cebb402c47bf896d828bdce3cbd9068b2ba5f4de26706ef73eeec134bfe7,a0eba5e80fccd2c6d2a248136d3f0f9d7a5d54b67d24bb0d2df47daa7094b942,295,19110,4785,-5053.043803975719,0.2978209377324464,0.0910707321608001
3,20260813,2000,no_copyright_unidimensional_2pl,1,20290811,ff77cebb402c47bf896d828bdce3cbd9068b2ba5f4de26706ef73eeec134bfe7,a0eba5e80fccd2c6d2a248136d3f0f9d7a5d54b67d24bb0d2df47daa7094b942,295,19110,4785,-5057.160672745728,0.2982003848605931,0.0912869524450549
3,20260813,2000,no_copyright_unidimensional_2pl,2,20290812,ff77cebb402c47bf896d828bdce3cbd9068b2ba5f4de26706ef73eeec134bfe7,a0eba5e80fccd2c6d2a248136d3f0f9d7a5d54b67d24bb0d2df47daa7094b942,295,19110,4785,-5056.914693523631,0.2986237020695223,0.091247129160388
3,20260813,2000,no_copyright_unidimensional_2pl,3,20290813,ff77cebb402c47bf896d828bdce3cbd9068b2ba5f4de26706ef73eeec134bfe7,a0eba5e80fccd2c6d2a248136d3f0f9d7a5d54b67d24bb0d2df47daa7094b942,295,19110,4785,-5057.870604746778,0.2983019296385267,0.0911750376641434
3,20260813,2000,no_copyright_unidimensional_2pl,4,20290814,ff77cebb402c47bf896d828bdce3cbd9068b2ba5f4de26706ef73eeec134bfe7,a0eba5e80fccd2c6d2a248136d3f0f9d7a5d54b67d24bb0d2df47daa7094b942,295,19110,4785,-5055.2300524698485,0.2982328638519064,0.0912090298876154
3,20260813,2000,no_copyright_unidimensional_2pl,5,20290815,ff77cebb402c47bf896d828bdce3cbd9068b2ba5f4de26706ef73eeec134bfe7,a0eba5e80fccd2c6d2a248136d3f0f9d7a5d54b67d24bb0d2df47daa7094b942,295,19110,4785,-5053.700894218073,0.2978277395861429,0.0910025986333522
3,20260813,2000,no_copyright_unidimensional_2pl,6,20290816,ff77cebb402c47bf896d828bdce3cbd9068b2ba5f4de26706ef73eeec134bfe7,a0eba5e80fccd2c6d2a248136d3f0f9d7a5d54b67d24bb0d2df47daa7094b942,295,19110,4785,-5057.312896205687,0.2980341212455819,0.0911390286453976
3,20260813,2000,no_copyright_unidimensional_2pl,7,20290817,ff77cebb402c47bf896d828bdce3cbd9068b2ba5f4de26706ef73eeec134bfe7,a0eba5e80fccd2c6d2a248136d3f0f9d7a5d54b67d24bb0d2df47daa7094b942,295,19110,4785,-5056.142958491933,0.2985297726512424,0.0914209105863445
3,20260813,2000,no_copyright_unidimensional_2pl,8,20290818,ff77cebb402c47bf896d828bdce3cbd9068b2ba5f4de26706ef73eeec134bfe7,a0eba5e80fccd2c6d2a248136d3f0f9d7a5d54b67d24bb0d2df47daa7094b942,295,19110,4785,-5056.4203353446255,0.2984460635789221,0.0912799090113049
3,20260813,2000,no_copyright_unidimensional_2pl,9,20290819,ff77cebb402c47bf896d828bdce3cbd9068b2ba5f4de26706ef73eeec134bfe7,a0eba5e80fccd2c6d2a248136d3f0f9d7a5d54b67d24bb0d2df47daa7094b942,295,19110,4785,-5057.730934728301,0.2985707559219584,0.091211521721631
3,20260813,2000,no_copyright_unidimensional_2pl,10,20290820,ff77cebb402c47bf896d828bdce3cbd9068b2ba5f4de26706ef73eeec134bfe7,a0eba5e80fccd2c6d2a248136d3f0f9d7a5d54b67d24bb0d2df47daa7094b942,295,19110,4785,-5054.658800920841,0.2985366216034828,0.091193426913024
3,20260813,2000,no_copyright_unidimensional_2pl,11,20290821,ff77cebb402c47bf896d828bdce3cbd9068b2ba5f4de26706ef73eeec134bfe7,a0eba5e80fccd2c6d2a248136d3f0f9d7a5d54b67d24bb0d2df47daa7094b942,295,19110,4785,-5058.682498731958,0.2976782096257169,0.0910084384703874
3,20260813,2000,no_copyright_unidimensional_2pl,12,20290822,ff77cebb402c47bf896d828bdce3cbd9068b2ba5f4de26706ef73eeec134bfe7,a0eba5e80fccd2c6d2a248136d3f0f9d7a5d54b67d24bb0d2df47daa7094b942,295,19110,4785,-5057.139443383391,0.2979276810223983,0.0909697550965057
3,20260813,2000,no_copyright_unidimensional_2pl,13,20290823,ff77cebb402c47bf896d828bdce3cbd9068b2ba5f4de26706ef73eeec134bfe7,a0eba5e80fccd2c6d2a248136d3f0f9d7a5d54b67d24bb0d2df47daa7094b942,295,19110,4785,-5057.340584789616,0.2993500895918214,0.0915113322294592
3,20260813,2000,no_copyright_unidimensional_2pl,14,20290824,ff77cebb402c47bf896d828bdce3cbd9068b2ba5f4de26706ef73eeec134bfe7,a0eba5e80fccd2c6d2a248136d3f0f9d7a5d54b67d24bb0d2df47daa7094b942,295,19110,4785,-5053.6004897854855,0.2981212483717149,0.0909440781135152
3,20260813,2000,no_copyright_unidimensional_2pl,15,20290825,ff77cebb402c47bf896d828bdce3cbd9068b2ba5f4de26706ef73eeec134bfe7,a0eba5e80fccd2c6d2a248136d3f0f9d7a5d54b67d24bb0d2df47daa7094b942,295,19110,4785,-5055.902234361036,0.2978087194684261,0.0910652739253575
3,20260813,2000,no_copyright_unidimensional_2pl,16,20290826,ff77cebb402c47bf896d828bdce3cbd9068b2ba5f4de26706ef73eeec134bfe7,a0eba5e80fccd2c6d2a248136d3f0f9d7a5d54b67d24bb0d2df47daa7094b942,295,19110,4785,-5053.443352308272,0.298423448311994,0.0911810740169263
3,20260813,2000,no_copyright_unidimensional_2pl,17,20290827,ff77cebb402c47bf896d828bdce3cbd9068b2ba5f4de26706ef73eeec134bfe7,a0eba5e80fccd2c6d2a248136d3f0f9d7a5d54b67d24bb0d2df47daa7094b942,295,19110,4785,-5057.502492113197,0.2977188261368266,0.0909318804350187
3,20260813,2000,no_copyright_unidimensional_2pl,18,20290828,ff77cebb402c47bf896d828bdce3cbd9068b2ba5f4de26706ef73eeec134bfe7,a0eba5e80fccd2c6d2a248136d3f0f9d7a5d54b67d24bb0d2df47daa7094b942,295,19110,4785,-5054.586836773205,0.2981146163234335,0.0912081896302622
3,20260813,2000,no_copyright_unidimensional_2pl,19,20290829,ff77cebb402c47bf896d828bdce3cbd9068b2ba5f4de26706ef73eeec134bfe7,a0eba5e80fccd2c6d2a248136d3f0f9d7a5d54b67d24bb0d2df47daa7094b942,295,19110,4785,-5055.897300687393,0.2984155767346348,0.091188980374257
3,20260813,2000,no_copyright_confirmatory_2d_2pl,0,20290910,ff77cebb402c47bf896d828bdce3cbd9068b2ba5f4de26706ef73eeec134bfe7,a0eba5e80fccd2c6d2a248136d3f0f9d7a5d54b67d24bb0d2df47daa7094b942,295,19110,4785,-4686.714745804599,0.2847817447943091,0.0879547796654706
3,20260813,2000,no_copyright_confirmatory_2d_2pl,1,20290911,ff77cebb402c47bf896d828bdce3cbd9068b2ba5f4de26706ef73eeec134bfe7,a0eba5e80fccd2c6d2a248136d3f0f9d7a5d54b67d24bb0d2df47daa7094b942,295,19110,4785,-4685.508667291372,0.2855968009497337,0.0879079639832536
3,20260813,2000,no_copyright_confirmatory_2d_2pl,2,20290912,ff77cebb402c47bf896d828bdce3cbd9068b2ba5f4de26706ef73eeec134bfe7,a0eba5e80fccd2c6d2a248136d3f0f9d7a5d54b67d24bb0d2df47daa7094b942,295,19110,4785,-4682.989478823177,0.285568486581429,0.0881135696088209
3,20260813,2000,no_copyright_confirmatory_2d_2pl,3,20290913,ff77cebb402c47bf896d828bdce3cbd9068b2ba5f4de26706ef73eeec134bfe7,a0eba5e80fccd2c6d2a248136d3f0f9d7a5d54b67d24bb0d2df47daa7094b942,295,19110,4785,-4683.393688286684,0.2860052406106042,0.0880661477078642
3,20260813,2000,no_copyright_confirmatory_2d_2pl,4,20290914,ff77cebb402c47bf896d828bdce3cbd9068b2ba5f4de26706ef73eeec134bfe7,a0eba5e80fccd2c6d2a248136d3f0f9d7a5d54b67d24bb0d2df47daa7094b942,295,19110,4785,-4685.159418216797,0.2853028821450992,0.0879512792063829
3,20260813,2000,no_copyright_confirmatory_2d_2pl,5,20290915,ff77cebb402c47bf896d828bdce3cbd9068b2ba5f4de26706ef73eeec134bfe7,a0eba5e80fccd2c6d2a248136d3f0f9d7a5d54b67d24bb0d2df47daa7094b942,295,19110,4785,-4681.777760088611,0.2852281426066997,0.0879959987844251
3,20260813,2000,no_copyright_confirmatory_2d_2pl,6,20290916,ff77cebb402c47bf896d828bdce3cbd9068b2ba5f4de26706ef73eeec134bfe7,a0eba5e80fccd2c6d2a248136d3f0f9d7a5d54b67d24bb0d2df47daa7094b942,295,19110,4785,-4684.198577162255,0.2850469997334914,0.0880008144010439
3,20260813,2000,no_copyright_confirmatory_2d_2pl,7,20290917,ff77cebb402c47bf896d828bdce3cbd9068b2ba5f4de26706ef73eeec134bfe7,a0eba5e80fccd2c6d2a248136d3f0f9d7a5d54b67d24bb0d2df47daa7094b942,295,19110,4785,-4684.900373531991,0.2853676533978761,0.0880416151025219
3,20260813,2000,no_copyright_confirmatory_2d_2pl,8,20290918,ff77cebb402c47bf896d828bdce3cbd9068b2ba5f4de26706ef73eeec134bfe7,a0eba5e80fccd2c6d2a248136d3f0f9d7a5d54b67d24bb0d2df47daa7094b942,295,19110,4785,-4684.677497065868,0.2858127845708858,0.088210552159425
3,20260813,2000,no_copyright_confirmatory_2d_2pl,9,20290919,ff77cebb402c47bf896d828bdce3cbd9068b2ba5f4de26706ef73eeec134bfe7,a0eba5e80fccd2c6d2a248136d3f0f9d7a5d54b67d24bb0d2df47daa7094b942,295,19110,4785,-4683.210042291948,0.2854345795585452,0.088069354989415
3,20260813,2000,no_copyright_confirmatory_2d_2pl,10,20290920,ff77cebb402c47bf896d828bdce3cbd9068b2ba5f4de26706ef73eeec134bfe7,a0eba5e80fccd2c6d2a248136d3f0f9d7a5d54b67d24bb0d2df47daa7094b942,295,19110,4785,-4684.378550208068,0.2852796601932378,0.0878711964565865
3,20260813,2000,no_copyright_confirmatory_2d_2pl,11,20290921,ff77cebb402c47bf896d828bdce3cbd9068b2ba5f4de26706ef73eeec134bfe7,a0eba5e80fccd2c6d2a248136d3f0f9d7a5d54b67d24bb0d2df47daa7094b942,295,19110,4785,-4684.711058548339,0.285453753605007,0.0880175330542109
3,20260813,2000,no_copyright_confirmatory_2d_2pl,12,20290922,ff77cebb402c47bf896d828bdce3cbd9068b2ba5f4de26706ef73eeec134bfe7,a0eba5e80fccd2c6d2a248136d3f0f9d7a5d54b67d24bb0d2df47daa7094b942,295,19110,4785,-4682.600200503789,0.2861950239842288,0.0881399930675062
3,20260813,2000,no_copyright_confirmatory_2d_2pl,13,20290923,ff77cebb402c47bf896d828bdce3cbd9068b2ba5f4de26706ef73eeec134bfe7,a0eba5e80fccd2c6d2a248136d3f0f9d7a5d54b67d24bb0d2df47daa7094b942,295,19110,4785,-4684.096482430416,0.286715277936443,0.0884278133015263
3,20260813,2000,no_copyright_confirmatory_2d_2pl,14,20290924,ff77cebb402c47bf896d828bdce3cbd9068b2ba5f4de26706ef73eeec134bfe7,a0eba5e80fccd2c6d2a248136d3f0f9d7a5d54b67d24bb0d2df47daa7094b942,295,19110,4785,-4684.7609144470425,0.2857165614093939,0.0881275976591814
3,20260813,2000,no_copyright_confirmatory_2d_2pl,15,20290925,ff77cebb402c47bf896d828bdce3cbd9068b2ba5f4de26706ef73eeec134bfe7,a0eba5e80fccd2c6d2a248136d3f0f9d7a5d54b67d24bb0d2df47daa7094b942,295,19110,4785,-4684.613750372316,0.284833192523534,0.0878426878510297
3,20260813,2000,no_copyright_confirmatory_2d_2pl,16,20290926,ff77cebb402c47bf896d828bdce3cbd9068b2ba5f4de26706ef73eeec134bfe7,a0eba5e80fccd2c6d2a248136d3f0f9d7a5d54b67d24bb0d2df47daa7094b942,295,19110,4785,-4685.182014706577,0.2851305164302652,0.0878371149558008
3,20260813,2000,no_copyright_confirmatory_2d_2pl,17,20290927,ff77cebb402c47bf896d828bdce3cbd9068b2ba5f4de26706ef73eeec134bfe7,a0eba5e80fccd2c6d2a248136d3f0f9d7a5d54b67d24bb0d2df47daa7094b942,295,19110,4785,-4683.482810717691,0.2850023535412169,0.0879757665969911
3,20260813,2000,no_copyright_confirmatory_2d_2pl,18,20290928,ff77cebb402c47bf896d828bdce3cbd9068b2ba5f4de26706ef73eeec134bfe7,a0eba5e80fccd2c6d2a248136d3f0f9d7a5d54b67d24bb0d2df47daa7094b942,295,19110,4785,-4682.855474784785,0.2851086306900882,0.0879663422570146
3,20260813,2000,no_copyright_confirmatory_2d_2pl,19,20290929,ff77cebb402c47bf896d828bdce3cbd9068b2ba5f4de26706ef73eeec134bfe7,a0eba5e80fccd2c6d2a248136d3f0f9d7a5d54b67d24bb0d2df47daa7094b942,295,19110,4785,-4681.242380169261,0.2860946874100214,0.088221602542381
4,20260814,2000,no_copyright_unidimensional_2pl,0,20300810,6b336a1d29ce647c4423574102c31fca535ebc8743524c2fd25fef0f18944cf0,a95ae84b92b0b7dd45b685efa3e1b657d6438088a986b1ded37cafd502456fab,297,19245,4812,-5111.471626415584,0.2857216113255831,0.087329313052335
4,20260814,2000,no_copyright_unidimensional_2pl,1,20300811,6b336a1d29ce647c4423574102c31fca535ebc8743524c2fd25fef0f18944cf0,a95ae84b92b0b7dd45b685efa3e1b657d6438088a986b1ded37cafd502456fab,297,19245,4812,-5108.151894883009,0.2854867013026558,0.087234333133965
4,20260814,2000,no_copyright_unidimensional_2pl,2,20300812,6b336a1d29ce647c4423574102c31fca535ebc8743524c2fd25fef0f18944cf0,a95ae84b92b0b7dd45b685efa3e1b657d6438088a986b1ded37cafd502456fab,297,19245,4812,-5107.5013700827785,0.2860293326891046,0.087429512646329
4,20260814,2000,no_copyright_unidimensional_2pl,3,20300813,6b336a1d29ce647c4423574102c31fca535ebc8743524c2fd25fef0f18944cf0,a95ae84b92b0b7dd45b685efa3e1b657d6438088a986b1ded37cafd502456fab,297,19245,4812,-5106.004096877543,0.2850995868553483,0.0870982443447393
4,20260814,2000,no_copyright_unidimensional_2pl,4,20300814,6b336a1d29ce647c4423574102c31fca535ebc8743524c2fd25fef0f18944cf0,a95ae84b92b0b7dd45b685efa3e1b657d6438088a986b1ded37cafd502456fab,297,19245,4812,-5107.796841764028,0.2857608785680476,0.0873073476040726
4,20260814,2000,no_copyright_unidimensional_2pl,5,20300815,6b336a1d29ce647c4423574102c31fca535ebc8743524c2fd25fef0f18944cf0,a95ae84b92b0b7dd45b685efa3e1b657d6438088a986b1ded37cafd502456fab,297,19245,4812,-5107.675303669257,0.286175955687727,0.0874551713971703
4,20260814,2000,no_copyright_unidimensional_2pl,6,20300816,6b336a1d29ce647c4423574102c31fca535ebc8743524c2fd25fef0f18944cf0,a95ae84b92b0b7dd45b685efa3e1b657d6438088a986b1ded37cafd502456fab,297,19245,4812,-5110.34927055462,0.2856875094258209,0.0871568300883451
4,20260814,2000,no_copyright_unidimensional_2pl,7,20300817,6b336a1d29ce647c4423574102c31fca535ebc8743524c2fd25fef0f18944cf0,a95ae84b92b0b7dd45b685efa3e1b657d6438088a986b1ded37cafd502456fab,297,19245,4812,-5106.980969239088,0.2856628213156414,0.0871588032102293
4,20260814,2000,no_copyright_unidimensional_2pl,8,20300818,6b336a1d29ce647c4423574102c31fca535ebc8743524c2fd25fef0f18944cf0,a95ae84b92b0b7dd45b685efa3e1b657d6438088a986b1ded37cafd502456fab,297,19245,4812,-5107.43907056863,0.286299841566711,0.0874781708101849
4,20260814,2000,no_copyright_unidimensional_2pl,9,20300819,6b336a1d29ce647c4423574102c31fca535ebc8743524c2fd25fef0f18944cf0,a95ae84b92b0b7dd45b685efa3e1b657d6438088a986b1ded37cafd502456fab,297,19245,4812,-5106.390613329968,0.2859079299830677,0.0872781071621473
4,20260814,2000,no_copyright_unidimensional_2pl,10,20300820,6b336a1d29ce647c4423574102c31fca535ebc8743524c2fd25fef0f18944cf0,a95ae84b92b0b7dd45b685efa3e1b657d6438088a986b1ded37cafd502456fab,297,19245,4812,-5106.0362979768415,0.2861141322491684,0.0873314077527437
4,20260814,2000,no_copyright_unidimensional_2pl,11,20300821,6b336a1d29ce647c4423574102c31fca535ebc8743524c2fd25fef0f18944cf0,a95ae84b92b0b7dd45b685efa3e1b657d6438088a986b1ded37cafd502456fab,297,19245,4812,-5107.01156520665,0.2859458611835314,0.0874448427103643
4,20260814,2000,no_copyright_unidimensional_2pl,12,20300822,6b336a1d29ce647c4423574102c31fca535ebc8743524c2fd25fef0f18944cf0,a95ae84b92b0b7dd45b685efa3e1b657d6438088a986b1ded37cafd502456fab,297,19245,4812,-5105.688394629652,0.2857687943026136,0.0873559730513605
4,20260814,2000,no_copyright_unidimensional_2pl,13,20300823,6b336a1d29ce647c4423574102c31fca535ebc8743524c2fd25fef0f18944cf0,a95ae84b92b0b7dd45b685efa3e1b657d6438088a986b1ded37cafd502456fab,297,19245,4812,-5107.9110570683715,0.2864709188753515,0.0876034711852678
4,20260814,2000,no_copyright_unidimensional_2pl,14,20300824,6b336a1d29ce647c4423574102c31fca535ebc8743524c2fd25fef0f18944cf0,a95ae84b92b0b7dd45b685efa3e1b657d6438088a986b1ded37cafd502456fab,297,19245,4812,-5106.771559815194,0.2858092775257135,0.0872487328060722
4,20260814,2000,no_copyright_unidimensional_2pl,15,20300825,6b336a1d29ce647c4423574102c31fca535ebc8743524c2fd25fef0f18944cf0,a95ae84b92b0b7dd45b685efa3e1b657d6438088a986b1ded37cafd502456fab,297,19245,4812,-5106.896797500879,0.2852136742106507,0.0871681955657136
4,20260814,2000,no_copyright_unidimensional_2pl,16,20300826,6b336a1d29ce647c4423574102c31fca535ebc8743524c2fd25fef0f18944cf0,a95ae84b92b0b7dd45b685efa3e1b657d6438088a986b1ded37cafd502456fab,297,19245,4812,-5105.218627547683,0.285812030749896,0.0872502033556194
4,20260814,2000,no_copyright_unidimensional_2pl,17,20300827,6b336a1d29ce647c4423574102c31fca535ebc8743524c2fd25fef0f18944cf0,a95ae84b92b0b7dd45b685efa3e1b657d6438088a986b1ded37cafd502456fab,297,19245,4812,-5106.642168571532,0.285776841049689,0.0872852345326255
4,20260814,2000,no_copyright_unidimensional_2pl,18,20300828,6b336a1d29ce647c4423574102c31fca535ebc8743524c2fd25fef0f18944cf0,a95ae84b92b0b7dd45b685efa3e1b657d6438088a986b1ded37cafd502456fab,297,19245,4812,-5106.741861368478,0.2853631406936348,0.0872373453440199
4,20260814,2000,no_copyright_unidimensional_2pl,19,20300829,6b336a1d29ce647c4423574102c31fca535ebc8743524c2fd25fef0f18944cf0,a95ae84b92b0b7dd45b685efa3e1b657d6438088a986b1ded37cafd502456fab,297,19245,4812,-5107.334828806149,0.285539003580216,0.0873253953322514
4,20260814,2000,no_copyright_confirmatory_2d_2pl,0,20300910,6b336a1d29ce647c4423574102c31fca535ebc8743524c2fd25fef0f18944cf0,a95ae84b92b0b7dd45b685efa3e1b657d6438088a986b1ded37cafd502456fab,297,19245,4812,-4756.831633160473,0.2696296343960715,0.0823946675442447
4,20260814,2000,no_copyright_confirmatory_2d_2pl,1,20300911,6b336a1d29ce647c4423574102c31fca535ebc8743524c2fd25fef0f18944cf0,a95ae84b92b0b7dd45b685efa3e1b657d6438088a986b1ded37cafd502456fab,297,19245,4812,-4756.537461132828,0.2683826589137416,0.0820553611950834
4,20260814,2000,no_copyright_confirmatory_2d_2pl,2,20300912,6b336a1d29ce647c4423574102c31fca535ebc8743524c2fd25fef0f18944cf0,a95ae84b92b0b7dd45b685efa3e1b657d6438088a986b1ded37cafd502456fab,297,19245,4812,-4752.402057862373,0.2688884808121804,0.0822056944543568
4,20260814,2000,no_copyright_confirmatory_2d_2pl,3,20300913,6b336a1d29ce647c4423574102c31fca535ebc8743524c2fd25fef0f18944cf0,a95ae84b92b0b7dd45b685efa3e1b657d6438088a986b1ded37cafd502456fab,297,19245,4812,-4757.039554893756,0.269112358260007,0.0822575278958733
4,20260814,2000,no_copyright_confirmatory_2d_2pl,4,20300914,6b336a1d29ce647c4423574102c31fca535ebc8743524c2fd25fef0f18944cf0,a95ae84b92b0b7dd45b685efa3e1b657d6438088a986b1ded37cafd502456fab,297,19245,4812,-4757.2024267806155,0.2693217102759235,0.0824108948177852
4,20260814,2000,no_copyright_confirmatory_2d_2pl,5,20300915,6b336a1d29ce647c4423574102c31fca535ebc8743524c2fd25fef0f18944cf0,a95ae84b92b0b7dd45b685efa3e1b657d6438088a986b1ded37cafd502456fab,297,19245,4812,-4756.304161101416,0.2693113712169866,0.0823645962732314
4,20260814,2000,no_copyright_confirmatory_2d_2pl,6,20300916,6b336a1d29ce647c4423574102c31fca535ebc8743524c2fd25fef0f18944cf0,a95ae84b92b0b7dd45b685efa3e1b657d6438088a986b1ded37cafd502456fab,297,19245,4812,-4755.741700387513,0.2687138323350342,0.0820864286007148
4,20260814,2000,no_copyright_confirmatory_2d_2pl,7,20300917,6b336a1d29ce647c4423574102c31fca535ebc8743524c2fd25fef0f18944cf0,a95ae84b92b0b7dd45b685efa3e1b657d6438088a986b1ded37cafd502456fab,297,19245,4812,-4757.163575781447,0.2690172708669749,0.0822978704294512
4,20260814,2000,no_copyright_confirmatory_2d_2pl,8,20300918,6b336a1d29ce647c4423574102c31fca535ebc8743524c2fd25fef0f18944cf0,a95ae84b92b0b7dd45b685efa3e1b657d6438088a986b1ded37cafd502456fab,297,19245,4812,-4754.4676543825035,0.2682092297685915,0.081967354367556
4,20260814,2000,no_copyright_confirmatory_2d_2pl,9,20300919,6b336a1d29ce647c4423574102c31fca535ebc8743524c2fd25fef0f18944cf0,a95ae84b92b0b7dd45b685efa3e1b657d6438088a986b1ded37cafd502456fab,297,19245,4812,-4754.36424147238,0.2692619786436924,0.0823844932043933
4,20260814,2000,no_copyright_confirmatory_2d_2pl,10,20300920,6b336a1d29ce647c4423574102c31fca535ebc8743524c2fd25fef0f18944cf0,a95ae84b92b0b7dd45b685efa3e1b657d6438088a986b1ded37cafd502456fab,297,19245,4812,-4761.223135732996,0.2695099805229802,0.0825560234505623
4,20260814,2000,no_copyright_confirmatory_2d_2pl,11,20300921,6b336a1d29ce647c4423574102c31fca535ebc8743524c2fd25fef0f18944cf0,a95ae84b92b0b7dd45b685efa3e1b657d6438088a986b1ded37cafd502456fab,297,19245,4812,-4756.886661978569,0.268433558592017,0.0820698721145201
4,20260814,2000,no_copyright_confirmatory_2d_2pl,12,20300922,6b336a1d29ce647c4423574102c31fca535ebc8743524c2fd25fef0f18944cf0,a95ae84b92b0b7dd45b685efa3e1b657d6438088a986b1ded37cafd502456fab,297,19245,4812,-4760.615703174968,0.269114572633798,0.0823251193872268
4,20260814,2000,no_copyright_confirmatory_2d_2pl,13,20300923,6b336a1d29ce647c4423574102c31fca535ebc8743524c2fd25fef0f18944cf0,a95ae84b92b0b7dd45b685efa3e1b657d6438088a986b1ded37cafd502456fab,297,19245,4812,-4756.926645333835,0.2691400974506222,0.0824334753106497
4,20260814,2000,no_copyright_confirmatory_2d_2pl,14,20300924,6b336a1d29ce647c4423574102c31fca535ebc8743524c2fd25fef0f18944cf0,a95ae84b92b0b7dd45b685efa3e1b657d6438088a986b1ded37cafd502456fab,297,19245,4812,-4761.115994345123,0.2700042436695338,0.0826008161542922
4,20260814,2000,no_copyright_confirmatory_2d_2pl,15,20300925,6b336a1d29ce647c4423574102c31fca535ebc8743524c2fd25fef0f18944cf0,a95ae84b92b0b7dd45b685efa3e1b657d6438088a986b1ded37cafd502456fab,297,19245,4812,-4757.320239349923,0.2685512954877658,0.0821868639586505
4,20260814,2000,no_copyright_confirmatory_2d_2pl,16,20300926,6b336a1d29ce647c4423574102c31fca535ebc8743524c2fd25fef0f18944cf0,a95ae84b92b0b7dd45b685efa3e1b657d6438088a986b1ded37cafd502456fab,297,19245,4812,-4758.045227106786,0.2688218932576595,0.0823745945655588
4,20260814,2000,no_copyright_confirmatory_2d_2pl,17,20300927,6b336a1d29ce647c4423574102c31fca535ebc8743524c2fd25fef0f18944cf0,a95ae84b92b0b7dd45b685efa3e1b657d6438088a986b1ded37cafd502456fab,297,19245,4812,-4755.396741222725,0.2693993616243239,0.0824416211548843
4,20260814,2000,no_copyright_confirmatory_2d_2pl,18,20300928,6b336a1d29ce647c4423574102c31fca535ebc8743524c2fd25fef0f18944cf0,a95ae84b92b0b7dd45b685efa3e1b657d6438088a986b1ded37cafd502456fab,297,19245,4812,-4757.243354555666,0.2697945386760544,0.082524836931754
4,20260814,2000,no_copyright_confirmatory_2d_2pl,19,20300929,6b336a1d29ce647c4423574102c31fca535ebc8743524c2fd25fef0f18944cf0,a95ae84b92b0b7dd45b685efa3e1b657d6438088a986b1ded37cafd502456fab,297,19245,4812,-4756.7238392601375,0.2680745666620606,0.0819345446350785
